<?xml version="1.0" encoding="UTF-8"?>
<metadata xml:lang="en"><Esri><CreaDate>20180527</CreaDate><CreaTime>14085500</CreaTime><ArcGISFormat>1.0</ArcGISFormat><SyncOnce>TRUE</SyncOnce><DataProperties><lineage><Process ToolSource="c:\program files (x86)\arcgis\desktop10.5\ArcToolbox\Toolboxes\Spatial Analyst Tools.tbx\EucDistance" Date="20180527" Time="140855">EucDistance "C:\Users\Matthijs\Desktop\Bachelor project\Data\data_model\modified_raw\settlement\Baie_aux_Tortues.shp" "C:\Users\Matthijs\Desktop\Bachelor project\Data\data_model\rasters\settlement\BaT" # 100 #</Process></lineage></DataProperties></Esri></metadata>
