<?xml version="1.0" encoding="UTF-8"?>
<metadata xml:lang="en"><Esri><CreaDate>20180603</CreaDate><CreaTime>13045700</CreaTime><ArcGISFormat>1.0</ArcGISFormat><SyncOnce>TRUE</SyncOnce><DataProperties><lineage><Process ToolSource="c:\program files (x86)\arcgis\desktop10.5\ArcToolbox\Toolboxes\Spatial Analyst Tools.tbx\EucDistance" Date="20180603" Time="130457">EucDistance rivers_better "C:\Users\Matthijs\Desktop\Bachelor project\Data\data_model\rasters\settlement\rivers_1722" # 100 #</Process></lineage></DataProperties></Esri></metadata>
