<?xml version="1.0" encoding="UTF-8"?>
<metadata xml:lang="en"><Esri><CreaDate>20180527</CreaDate><CreaTime>14123800</CreaTime><ArcGISFormat>1.0</ArcGISFormat><SyncOnce>TRUE</SyncOnce><DataProperties><lineage><Process ToolSource="c:\program files (x86)\arcgis\desktop10.5\ArcToolbox\Toolboxes\Spatial Analyst Tools.tbx\EucDistance" Date="20180527" Time="141238">EucDistance "C:\Users\Matthijs\Desktop\Bachelor project\Data\data_model\modified_raw\settlement\Mapou.shp" "C:\Users\Matthijs\Desktop\Bachelor project\Data\data_model\rasters\settlement\mp" # 100 #</Process></lineage></DataProperties></Esri></metadata>
